Latitude	Longitude	Collisions	Street 1	Street 2
33.96	-118.3003	59	NORMANDIE AV	MANCHESTER AV
34.2214	-118.4699	72	ROSCOE BL	LANGDON AV
33.9747	-118.2827	88	FLORENCE AV	FIGUEROA ST
34.2355	-118.5361	104	RESEDA BL	NORDHOFF ST
34.1649	-118.375	51	LANKERSHIM BL	MAGNOLIA BL
34.2012	-118.4094	147	SHERMAN WY	BELLAIRE AV
34.0761	-118.3766	66	BEVERLY BL	LA CIENEGA BL
34.2428	-118.4675	53	SEPULVEDA BL	PLUMMER ST
34.2355	-118.605	60	TOPANGA CANYON BL	NORDHOFF ST
33.9892	-118.2915	123	SLAUSON AV	VERMONT AV
34.029	-118.4149	91	OVERLAND AV	NATIONAL BL
34.0445	-118.3764	101	LA CIENEGA BL	18TH ST
34.2084	-118.571	75	WINNETKA AV	SATICOY ST
34.0447	-118.3284	57	VENICE BL	CRENSHAW BL
34.0704	-118.2917	60	VERMONT AV	2ND ST
34.0256	-118.3177	58	ARLINGTON AV	JEFFERSON BL
34.0534	-118.3762	77	LA CIENEGA BL	PICO BL
34.0265	-118.4279	62	SEPULVEDA BL	NATIONAL BL
34.1939	-118.5011	68	BALBOA BL	VANOWEN ST
34.2428	-118.5361	75	RESEDA BL	PLUMMER ST
34.2354	-118.4502	85	NORDHOFF ST	VAN NUYS BL
34.0763	-118.3091	80	WESTERN AV	BEVERLY BL
34.2012	-118.4793	53	SHERMAN WY	GLORIA AV
34.1867	-118.4836	85	VICTORY BL	WOODLEY AV
34.0636	-118.3004	58	NORMANDIE AV	6TH ST
34.2012	-118.4662	129	SEPULVEDA BL	SHERMAN WY
34.2217	-118.4327	58	WOODMAN AV	ROSCOE BL
34.1236	-118.3775	72	LAUREL CANYON BL	MULHOLLAND DR
34.046	-118.3453	54	VENICE BL	LA BREA AV
34.2012	-118.4837	78	SHERMAN WY	WOODLEY AV
34.22	-118.5885	107	ROSCOE BL	DE SOTO AV
34.2201	-118.5798	53	ROSCOE BL	MASON AV
34.1985	-118.4662	52	SEPULVEDA BL	VOSE ST
34.194	-118.3965	71	LAUREL CANYON BL	VANOWEN ST
33.989	-118.3308	82	SLAUSON AV	CRENSHAW BL
34.3129	-118.4373	85	FOOTHILL BL	SAYRE ST
34.069	-118.3004	51	NORMANDIE AV	3RD ST
34.2012	-118.4662	196	SHERMAN WY	SEPULVEDA BL
34.1867	-118.4181	75	VICTORY BL	ETHEL AV
34.1884	-118.5975	53	VICTORY BL	CANOGA AV
34.0109	-118.3002	59	MARTIN LUTHER KING JR BL	NORMANDIE AV
34.2647	-118.4019	75	OSBORNE ST	GLENOAKS BL
34.1509	-118.4487	92	VENTURA BL	VAN NUYS BL
34.0325	-118.3519	95	LA BREA AV	ADAMS BL
34.2736	-118.3938	71	FOOTHILL BL	OSBORNE ST
34.1721	-118.4485	64	VAN NUYS BL	BURBANK BL
34.171	-118.5709	87	VENTURA BL	WINNETKA AV
33.96	-118.3003	94	MANCHESTER AV	NORMANDIE AV
33.9747	-118.2695	66	FLORENCE AV	SAN PEDRO ST
34.2564	-118.5536	56	9300 TAMPA AV	
34.0577	-118.2842	58	8TH ST	HOOVER ST
33.9829	-118.3309	56	CRENSHAW BL	63RD ST
34.1006	-118.3387	52	HIGHLAND AV	HAWTHORN AV
34.2427	-118.6065	55	TOPANGA CANYON BL	PLUMMER ST
33.9434	-118.3993	89	WORLD WY	EAST WY
34.1867	-118.4662	120	SEPULVEDA BL	ERWIN ST
34.0909	-118.2917	59	VERMONT AV	SANTA MONICA BL
33.931	-118.2652	72	IMPERIAL HY	AVALON BL
33.9747	-118.2783	75	FLORENCE AV	BROADWAY
34.2355	-118.4676	105	NORDHOFF ST	SEPULVEDA BL
34.2217	-118.3965	103	LAUREL CANYON BL	ROSCOE BL
34.2355	-118.5623	66	CORBIN AV	NORDHOFF ST
34.0326	-118.335	115	CRENSHAW BL	ADAMS BL
34.1017	-118.3093	54	WESTERN AV	HOLLYWOOD BL
34.0618	-118.2916	61	WILSHIRE BL	VERMONT AV
34.1649	-118.3704	94	MAGNOLIA BL	VINELAND AV
34.2143	-118.4488	92	VAN NUYS BL	ARMINTA ST
34.2012	-118.3878	68	LANKERSHIM BL	SHERMAN WY
34.1685	-118.6058	108	VENTURA BL	TOPANGA CANYON BL
34.1723	-118.5185	55	BURBANK BL	WHITE OAK AV
34.0217	-118.3723	110	LA CIENEGA BL	RODEO RD
34.019	-118.2333	56	WASHINGTON BL	ALAMEDA ST
34.1866	-118.5011	97	BALBOA BL	VICTORY BL
34.0981	-118.3092	81	SUNSET BL	WESTERN AV
34.2212	-118.5027	75	BALBOA BL	ROSCOE BL
34.098	-118.3656	65	SUNSET BL	CRESCENT HEIGHTS BL
34.0887	-118.4748	62	SEPULVEDA BL	GETTY CENTER DR
34.0597	-118.3091	63	WESTERN AV	7TH ST
34.1722	-118.5012	87	BALBOA BL	BURBANK BL
33.9745	-118.3309	74	FLORENCE AV	CRENSHAW BL
34.1721	-118.4662	150	BURBANK BL	SEPULVEDA BL
34.0716	-118.3614	106	3RD ST	FAIRFAX AV
34.0256	-118.3351	85	CRENSHAW BL	JEFFERSON BL
34.2142	-118.4661	70	SEPULVEDA BL	RAYMER ST
34.0691	-118.2917	107	3RD ST	VERMONT AV
34.0581	-118.3091	60	WESTERN AV	8TH ST
34.098	-118.3223	55	SUNSET BL	GOWER ST
34.0908	-118.3092	79	SANTA MONICA BL	WESTERN AV
34.1866	-118.5448	53	VICTORY BL	WILBUR AV
34.0038	-118.2827	79	FIGUEROA ST	VERNON AV
34.1284	-118.3472	73	CAHUENGA BL	BARHAM BL
34.098	-118.3295	51	SUNSET BL	CAHUENGA BL
34.0763	-118.2917	78	VERMONT AV	BEVERLY BL
34.2471	-118.4482	55	VAN NUYS BL	WOODMAN AV
33.7406	-118.2923	52	GAFFEY ST	4TH ST
34.2012	-118.3878	70	SHERMAN WY	LANKERSHIM BL
34.1016	-118.3267	68	HOLLYWOOD BL	VINE ST
34.2012	-118.5011	73	BALBOA BL	SHERMAN WY
34.1867	-118.44	62	VICTORY BL	HAZELTINE AV
34.0558	-118.3649	54	FAIRFAX AV	OLYMPIC BL
34.2573	-118.5361	128	DEVONSHIRE ST	RESEDA BL
34.1866	-118.5535	91	TAMPA AV	VICTORY BL
34.0835	-118.3091	54	MELROSE AV	WESTERN AV
34.2214	-118.4677	115	SEPULVEDA BL	ROSCOE BL
33.9892	-118.2827	84	SLAUSON AV	FIGUEROA ST
34.0182	-118.2915	52	VERMONT AV	EXPOSITION BL
34.037	-118.4351	53	PICO BL	SEPULVEDA BL
34.1017	-118.318	58	HOLLYWOOD BL	BRONSON AV
34.1625	-118.5186	69	VENTURA BL	WHITE OAK AV
34.0499	-118.437	67	WESTWOOD BL	SANTA MONICA BL
34.1016	-118.3387	55	HOLLYWOOD	HIGHLAND
33.9892	-118.3089	110	WESTERN AV	SLAUSON AV
34.1898	-118.6426	56	PLATT AV	VICTORY BL
34.194	-118.4312	73	WOODMAN AV	VANOWEN ST
34.3101	-118.4273	53	HUBBARD ST	GLADSTONE AV
34.1938	-118.6059	90	TOPANGA CANYON BL	VANOWEN ST
34.2085	-118.4488	58	VAN NUYS BL	SATICOY ST
34.1867	-118.3987	55	VICTORY BL	BELLINGHAM AV
34.0836	-118.3016	67	MELROSE AV	NORMANDIE AV
33.9748	-118.2652	66	FLORENCE AV	AVALON BL
33.791	-118.2917	92	PACIFIC COAST HY	VERMONT AV
34.2648	-118.5023	67	BALBOA BL	CHATSWORTH ST
34.2084	-118.5535	54	SATICOY ST	TAMPA AV
33.9746	-118.3003	60	NORMANDIE AV	FLORENCE AV
33.9601	-118.2695	60	MANCHESTER AV	SAN PEDRO ST
34.1939	-118.536	121	RESEDA BL	VANOWEN ST
34.2393	-118.3938	65	SHELDON ST	SAN FERNANDO RD
34.1016	-118.3297	58	CAHUENGA BL	HOLLYWOOD BL
34.1866	-118.5535	92	VICTORY BL	TAMPA AV
33.9601	-118.287	88	MANCHESTER AV	HOOVER ST
34.0691	-118.2916	140	VERMONT AV	3RD ST
34.0399	-118.3177	65	ARLINGTON AV	WASHINGTON BL
34.2465	-118.2761	59	FOOTHILL BL	TUJUNGA CANYON BL
34.0014	-118.4679	94	LINCOLN BL	ROSE AV
34.2012	-118.4313	175	SHERMAN WY	WOODMAN AV
33.9721	-118.4303	55	LINCOLN BL	JEFFERSON BL
34.2355	-118.5361	93	NORDHOFF ST	RESEDA BL
34.0578	-118.4478	56	WILSHIRE BL	VETERAN AV
34.0527	-118.3091	57	OLYMPIC BL	WESTERN AV
34.0441	-118.4675	51	WILSHIRE BL	BUNDY DR
34.0635	-118.3091	78	WESTERN AV	6TH ST
34.2356	-118.4763	73	NORDHOFF ST	HASKELL AV
34.1907	-118.6234	93	FALLBROOK AV	VICTORY BL
33.8589	-118.2905	58	190TH ST	VERMONT AV
34.231	-118.5536	84	TAMPA AV	BUSINESS CENTER DR
34.0184	-118.2823	60	FIGUEROA ST	EXPOSITION BL
33.9819	-118.2652	66	GAGE AV	AVALON BL
34.2299	-118.5536	66	TAMPA AV	PARTHENIA ST
34.0633	-118.2738	59	3RD ST	ALVARADO ST
34.0637	-118.2916	78	VERMONT AV	6TH ST
34.2012	-118.4749	102	SHERMAN WY	HASKELL AV
34.2283	-118.4677	102	SEPULVEDA BL	PARTHENIA ST
34.011	-118.3351	77	CRENSHAW BL	MARTIN LUTHER KING JR BL
34.1538	-118.4662	122	VENTURA BL	SEPULVEDA BL
34.1866	-118.536	93	VICTORY BL	RESEDA BL
34.2085	-118.3878	53	LANKERSHIM BL	SATICOY ST
34.1866	-118.5273	56	VICTORY BL	LINDLEY AV
34.0443	-118.2916	95	VERMONT AV	VENICE BL
34.22	-118.5885	83	DE SOTO AV	ROSCOE BL
33.9601	-118.2739	95	MANCHESTER AV	MAIN ST
33.9245	-118.4318	103	VISTA DEL MAR	IMPERIAL HY
34.2216	-118.4488	185	VAN NUYS BL	ROSCOE BL
34.1939	-118.5535	84	TAMPA AV	VANOWEN ST
34.0517	-118.2798	51	OLYMPIC BL	ALVARADO ST
34.0623	-118.344	52	LA BREA AV	WILSHIRE BL
33.96	-118.2917	113	MANCHESTER AV	VERMONT AV
33.7397	-118.2923	53	GAFFEY ST	5TH ST
34.0109	-118.2915	69	MARTIN LUTHER KING JR BL	VERMONT AV
34.2693	-118.5552	61	TAMPA AV	CHATSWORTH ST
33.9748	-118.2564	63	FLORENCE AV	CENTRAL AV
34.194	-118.3703	76	VINELAND AV	VANOWEN ST
34.1649	-118.3746	59	MAGNOLIA BL	LANKERSHIM BL
34.1436	-118.3953	97	LAUREL CANYON BL	VENTURA BL
34.2355	-118.5536	86	NORDHOFF ST	TAMPA AV
34.2012	-118.4574	112	SHERMAN WY	KESTER AV
34.2209	-118.5274	78	ROSCOE BL	LINDLEY AV
33.9309	-118.3961	73	SEPULVEDA BL	IMPERIAL HY
34.1867	-118.3888	60	VICTORY BL	LANKERSHIM BL
34.0353	-118.3779	71	LA CIENEGA BL	VENICE BL
33.9892	-118.2827	56	FIGUEROA ST	SLAUSON AV
34.2083	-118.5885	52	SATICOY ST	DE SOTO AV
34.0037	-118.2915	73	VERNON AV	VERMONT AV
34.2575	-118.5023	108	DEVONSHIRE ST	BALBOA BL
34.1524	-118.4574	78	VENTURA BL	KESTER AV
34.0183	-118.3556	83	LA BREA AV	COLISEUM ST
34.228	-118.4344	60	WOODMAN AV	CHASE ST
34.0499	-118.309	54	WESTERN AV	11TH ST
34.1649	-118.4486	55	VAN NUYS BL	MAGNOLIA BL
34.2083	-118.5885	65	DE SOTO AV	SATICOY ST
34.2737	-118.4117	92	GLENOAKS BL	VAN NUYS BL
34.04	-118.309	99	WESTERN AV	WASHINGTON BL
34.1434	-118.3975	99	VENTURA BL	LAUREL CANYON BL
34.0404	-118.3475	106	LA BREA AV	WASHINGTON BL
34.2222	-118.571	72	WINNETKA AV	ROSCOE BL
34.0216	-118.3556	81	LA BREA	RODEO
34.2469	-118.4195	125	LAUREL CANYON BL	OSBORNE ST
34.0907	-118.3386	52	SANTA MONICA BL	HIGHLAND AV
33.8583	-118.2993	61	190TH ST	NORMANDIE AV
34.1052	-118.3375	141	HIGHLAND AV	FRANKLIN AV
34.2012	-118.4182	96	SHERMAN WY	ETHEL AV
34.0282	-118.2749	91	FIGUEROA ST	ADAMS BL
34.0479	-118.3447	82	LA BREA AV	PICO BL
34.1907	-118.4487	74	VAN NUYS BL	KITTRIDGE ST
34.3156	-118.4408	56	FOOTHILL BL	POLK ST
34.2755	-118.5702	52	RINALDI ST	PORTER RANCH DR
34.2355	-118.5885	90	DE SOTO AV	NORDHOFF ST
34.0436	-118.309	92	WESTERN AV	VENICE BL
34.1112	-118.3358	81	HIGHLAND AV	PAT MOORE WY
34.1864	-118.6234	71	VICTORY BL	FALLBROOK AV
34.2217	-118.3965	59	ROSCOE BL	LAUREL CANYON BL
34.1016	-118.3387	111	HOLLYWOOD BL	HIGHLAND AV
34.0745	-118.2917	80	VERMONT AV	1ST ST
34.2575	-118.5023	84	BALBOA BL	DEVONSHIRE ST
33.9455	-118.309	63	WESTERN AV	CENTURY BL
33.989	-118.3308	80	CRENSHAW BL	SLAUSON AV
34.2287	-118.5273	79	PARTHENIA ST	LINDLEY AV
34.0715	-118.3764	54	LA CIENEGA BL	SAN VICENTE BL
34.1938	-118.6016	63	OWENSMOUTH AV	VICTORY BL
34.1794	-118.4487	72	VAN NUYS BL	OXNARD ST
34.098	-118.3414	57	SUNSET BL	ORANGE DR
34.1867	-118.4749	60	VICTORY BL	HASKELL AV
34.0717	-118.2671	98	ALVARADO ST	TEMPLE ST
34.1939	-118.5011	53	VANOWEN ST	BALBOA BL
34.2011	-118.536	64	SHERMAN WY	RESEDA BL
34.0526	-118.2916	54	OLYMPIC BL	VERMONT AV
34.201	-118.5535	84	TAMPA AV	SHERMAN WY
34.2006	-118.3965	108	SHERMAN WY	LAUREL CANYON BL
33.9892	-118.2915	54	VERMONT AV	SLAUSON AV
34.2012	-118.571	60	SHERMAN WY	WINNETKA AV
34.2212	-118.5055	121	ROSCOE BL	BALBOA BL
33.9445	-118.3961	103	SEPULVEDA BL	CENTURY BL
34.2282	-118.5623	59	PARTHENIA ST	CORBIN AV
34.1524	-118.3703	64	RIVERSIDE DR	VINELAND AV
34.098	-118.3441	89	SUNSET BL	LA BREA AV
34.2012	-118.44	95	SHERMAN WY	HAZELTINE AV
34.0981	-118.3136	57	SUNSET BL	WILTON PL
34.2011	-118.5885	95	DE SOTO AV	SHERMAN WY
34.0551	-118.2545	55	FIGUEROA ST	3RD ST
34.0327	-118.309	71	WESTERN AV	ADAMS BL
34.2012	-118.4487	140	VAN NUYS BL	SHERMAN WY
34.0468	-118.4473	57	SANTA MONICA BL	BELOIT AV
34.0385	-118.5556	128	PACIFIC COAST HY	SUNSET BL
34.0255	-118.3548	86	LA BREA AV	JEFFERSON BL
34.2356	-118.472	62	NORDHOFF ST	ORION AV
34.2646	-118.4673	71	SEPULVEDA BL	CHATSWORTH ST
34.0836	-118.2917	66	VERMONT AV	MELROSE AV
34.0183	-118.3556	135	LA BREA AV	RODEO RD
33.9616	-118.4208	55	LINCOLN BL	83RD ST
34.063	-118.2727	52	ALVARADO ST	3RD ST
34.0399	-118.3311	55	WASHINGTON BL	CRENSHAW BL
34.1649	-118.3965	61	LAUREL CANYON BL	MAGNOLIA BL
34.0216	-118.3556	82	RODEO RD	LA BREA AV
33.9892	-118.2871	61	SLAUSON AV	HOOVER ST
34.2355	-118.5274	72	NORDHOFF ST	LINDLEY AV
33.7899	-118.2975	63	PACIFIC COAST HY	NORMANDIE AV
34.0763	-118.2917	54	BEVERLY BL	VERMONT AV
34.2504	-118.5233	55	LASSEN ST	ZELZAH AV
34.0215	-118.3351	61	CRENSHAW BL	RODEO RD
34.1912	-118.6059	130	TOPANGA CANYON BL	VICTORY BL
34.2012	-118.4225	67	SHERMAN WY	FULTON AV
34.0693	-118.2687	62	ALVARADO ST	BEVERLY BL
33.9746	-118.3003	104	FLORENCE AV	NORMANDIE AV
34.2216	-118.446	80	ROSCOE BL	LENNOX AV
34.2574	-118.4849	64	DEVONSHIRE ST	WOODLEY AV
34.1717	-118.4757	52	BURBANK BL	WOODLEY AV
33.9601	-118.2827	156	MANCHESTER AV	FIGUEROA ST
34.0621	-118.3383	56	HIGHLAND AV	WILSHIRE BL
34.2084	-118.5535	76	TAMPA AV	SATICOY ST
34.2206	-118.5448	52	ROSCOE BL	WILBUR AV
34.0909	-118.2917	57	SANTA MONICA BL	VERMONT AV
33.9745	-118.3309	60	CRENSHAW BL	FLORENCE AV
34.2248	-118.4499	90	VAN NUYS BL	CHASE ST
34.1111	-118.2918	54	LOS FELIZ BL	VERMONT AV
34.1649	-118.3704	66	VINELAND AV	MAGNOLIA BL
34.2197	-118.606	87	TOPANGA CANYON BL	ROSCOE BL
34.0399	-118.3328	95	CRENSHAW BL	WASHINGTON BL
34.237	-118.5025	104	BALBOA BL	NORDHOFF ST
34.1867	-118.4662	96	VICTORY BL	SEPULVEDA BL
34.2012	-118.5011	114	SHERMAN WY	BALBOA BL
34.1721	-118.4662	116	SEPULVEDA BL	BURBANK BL
34.0652	-118.2492	58	SUNSET BL	BEAUDRY AV
34.1722	-118.5011	95	BURBANK BL	BALBOA BL
33.9822	-118.2915	60	GAGE AV	VERMONT AV
34.0618	-118.2916	102	VERMONT AV	WILSHIRE BL
34.1688	-118.6145	70	VENTURA BL	SHOUP AV
34.2214	-118.4721	95	ROSCOE BL	ORION AV
34.046	-118.3453	123	LA BREA AV	VENICE BL
34.0689	-118.344	101	LA BREA AV	3RD ST
34.2421	-118.4261	58	OSBORNE ST	ARLETA AV
34.0038	-118.2783	61	VERNON AV	BROADWAY
34.0509	-118.2585	53	6TH ST	FIGUEROA ST
34.1688	-118.5361	70	VENTURA BL	RESEDA BL
34.0383	-118.3772	90	LA CIENEGA BL	CADILLAC AV
33.9747	-118.2739	88	FLORENCE AV	MAIN ST
33.96	-118.309	116	MANCHESTER AV	WESTERN AV
34.2649	-118.5234	68	CHATSWORTH ST	ZELZAH AV
34.2428	-118.5536	119	TAMPA AV	PLUMMER ST
34.04	-118.309	63	WASHINGTON BL	WESTERN AV
34.0385	-118.3484	69	LA BREA AV	21ST ST
34.0085	-118.3351	62	CRENSHAW	STOCKER
34.0037	-118.2827	73	VERNON AV	FIGUEROA ST
34.3075	-118.4303	55	HUBBARD ST	FOOTHILL BL
34.1504	-118.3965	61	LAUREL CANYON BL	MOORPARK ST
34.0536	-118.3762	51	PICO BL	LA CIENEGA BL
34.1938	-118.5884	96	VANOWEN ST	DE SOTO AV
34.2012	-118.4313	123	WOODMAN AV	SHERMAN WY
34.1939	-118.4618	65	VANOWEN ST	NOBLE AV
33.931	-118.2826	55	FIGUEROA ST	IMPERIAL HY
34.0436	-118.309	53	VENICE BL	WESTERN AV
34.2289	-118.4503	79	VAN NUYS BL	PARTHENIA ST
34.0039	-118.2565	72	CENTRAL AV	VERNON AV
34.2731	-118.4125	81	VAN NUYS BL	GLENOAKS BL
34.1531	-118.4618	57	VENTURA BL	NOBLE AV
34.1721	-118.4509	65	BURBANK BL	VAN NUYS BL
34.2282	-118.5536	54	PARTHENIA ST	TAMPA AV
34.0473	-118.2916	116	VERMONT AV	PICO BL
34.0761	-118.3765	88	LA CIENEGA BL	BEVERLY BL
34.1939	-118.5317	58	VANOWEN ST	ETIWANDA AV
34.1884	-118.5797	56	VICTORY BL	MASON AV
34.2355	-118.5536	189	TAMPA AV	NORDHOFF ST
34.0183	-118.3556	51	LA BREA	COLISEUM
34.2282	-118.5623	65	CORBIN AV	PARTHENIA ST
34.2428	-118.5536	52	PLUMMER ST	TAMPA AV
33.9893	-118.2564	72	SLAUSON AV	CENTRAL AV
34.0654	-118.2916	65	VERMONT AV	4TH ST
34.1576	-118.44	83	RIVERSIDE DR	HAZELTINE AV
34.2157	-118.3878	52	LANKERSHIM BL	STRATHERN ST
34.0324	-118.4537	62	OLYMPIC BL	BUNDY DR
34.04	-118.3003	55	NORMANDIE AV	WASHINGTON BL
34.1514	-118.4515	69	VENTURA BL	CEDROS AV
34.3075	-118.4303	80	FOOTHILL BL	HUBBARD ST
34.0835	-118.3091	65	WESTERN AV	MELROSE AV
34.1878	-118.6015	78	VICTORY BL	OWENSMOUTH AV
33.9601	-118.2782	89	MANCHESTER AV	BROADWAY
34.232	-118.5623	60	NORDHOFF ST	CORBIN AV
34.2012	-118.5623	51	SHERMAN WY	CORBIN AV
34.194	-118.4052	56	VANOWEN ST	WHITSETT AV
34.1576	-118.44	52	HAZELTINE AV	RIVERSIDE DR
34.2243	-118.6042	58	TOPANGA CANYON BL	CHASE ST
34.2084	-118.5011	68	BALBOA BL	SATICOY ST
34.0981	-118.3615	53	SUNSET BL	FAIRFAX AV
34.098	-118.3267	65	SUNSET BL	VINE ST
33.9601	-118.2827	65	FIGUEROA ST	MANCHESTER AV
34.2215	-118.4612	67	ROSCOE BL	NOBLE AV
33.9892	-118.3089	161	SLAUSON AV	WESTERN AV
34.0124	-118.3351	53	MARTIN LUTHER KING JR BL	CRENSHAW BL
34.1017	-118.3224	66	HOLLYWOOD BL	GOWER ST
34.2012	-118.4924	79	SHERMAN WY	HAYVENHURST AV
34.1939	-118.4487	91	VAN NUYS BL	VANOWEN ST
34.0526	-118.2916	107	VERMONT AV	OLYMPIC BL
34.2214	-118.4749	107	ROSCOE BL	HASKELL AV
34.1405	-118.3702	56	VENTURA BL	VINELAND AV
34.218	-118.4488	58	VAN NUYS BL	LANARK ST
33.931	-118.287	51	IMPERIAL HY	HOOVER ST
34.1867	-118.4487	93	VICTORY BL	VAN NUYS BL
34.1548	-118.4662	91	SEPULVEDA BL	VENTURA BL
34.272	-118.5022	72	BALBOA BL	SAN FERNANDO MISSION BL
34.1867	-118.4312	100	VICTORY BL	WOODMAN AV
34.2354	-118.4502	91	VAN NUYS BL	NORDHOFF ST
34.1867	-118.4575	54	KESTER AV	VICTORY BL
34.1939	-118.4487	119	VANOWEN ST	VAN NUYS BL
34.0689	-118.3386	61	HIGHLAND AV	3RD ST
34.1793	-118.5975	70	CANOGA AV	OXNARD ST
34.1867	-118.4575	108	VICTORY BL	KESTER AV
34.0578	-118.2916	60	VERMONT AV	8TH ST
34.2285	-118.5026	77	PARTHENIA ST	BALBOA BL
34.0908	-118.3266	51	SANTA MONICA BL	VINE ST
33.9455	-118.309	60	CENTURY BL	WESTERN AV
34.0907	-118.3386	66	HIGHLAND AV	SANTA MONICA BL
34.1939	-118.4574	94	VANOWEN ST	KESTER AV
34.2355	-118.4676	127	SEPULVEDA BL	NORDHOFF ST
34.2198	-118.5975	56	CANOGA AV	ROSCOE BL
34.1866	-118.5011	76	VICTORY BL	BALBOA BL
34.2152	-118.4488	68	VAN NUYS BL	BLYTHE ST
34.2588	-118.4313	62	VAN NUYS BL	LAUREL CANYON BL
34.0763	-118.3004	56	BEVERLY BL	NORMANDIE AV
34.062	-118.3619	55	FAIRFAX AV	WILSHIRE BL
34.2284	-118.4851	64	PARTHENIA ST	WOODLEY AV
34.201	-118.6059	58	TOPANGA CANYON BL	SHERMAN WY
34.2012	-118.5273	52	LINDLEY AV	SHERMAN WY
34.0716	-118.3614	132	FAIRFAX AV	3RD ST
34.0328	-118.2915	54	VERMONT AV	ADAMS BL
34.1427	-118.4052	62	VENTURA BL	WHITSETT AV
33.9295	-118.2543	84	CENTRAL AV	IMPERIAL HY
34.2012	-118.4052	163	SHERMAN WY	WHITSETT AV
34.0617	-118.3142	59	WILSHIRE BL	WILTON PL
34.2217	-118.4053	60	ROSCOE BL	WHITSETT AV
34.0418	-118.309	62	WESTERN AV	18TH ST
34.0404	-118.377	60	LA CIENEGA BL	SAWYER ST
34.0085	-118.3351	97	CRENSHAW BL	STOCKER ST
34.0478	-118.3284	89	CRENSHAW BL	PICO BL
33.9746	-118.2918	104	FLORENCE AV	VERMONT AV
34.1794	-118.4052	56	OXNARD ST	WHITSETT AV
34.1729	-118.536	91	RESEDA BL	BURBANK BL
34.1733	-118.5974	56	CANOGA AV	BURBANK BL
34.1829	-118.6059	72	TOPANGA CANYON BL	ERWIN ST
34.2178	-118.4663	53	SEPULVEDA BL	LANARK ST
34.2469	-118.4195	62	OSBORNE ST	LAUREL CANYON BL
34.1867	-118.4487	70	VAN NUYS BL	VICTORY BL
34.2085	-118.4662	73	SEPULVEDA BL	SATICOY ST
33.943	-118.402	99	WORLD WY	WEST WY
34.2084	-118.571	80	SATICOY ST	WINNETKA AV
33.7907	-118.2828	68	PACIFIC COAST HY	FIGUEROA PL
34.1867	-118.4662	102	SEPULVEDA BL	VICTORY BL
34.2217	-118.4328	84	ROSCOE BL	WOODMAN AV
34.2215	-118.4553	77	ROSCOE BL	WILLIS AV
34.0037	-118.3089	74	WESTERN AV	VERNON AV
34.0359	-118.3495	85	LA BREA AV	23RD ST
34.098	-118.3445	73	LA BREA AV	SUNSET BL
34.2207	-118.5361	97	RESEDA BL	ROSCOE BL
33.9455	-118.3995	54	WORLD WY	SKY WY
34.2358	-118.5025	90	NORDHOFF ST	BALBOA BL
34.1078	-118.2376	54	EAGLE ROCK BL	VERDUGO RD
34.069	-118.3091	67	WESTERN AV	3RD ST
34.0527	-118.3091	56	WESTERN AV	OLYMPIC BL
34.2247	-118.4677	54	SEPULVEDA BL	CHASE ST
34.2207	-118.5361	100	ROSCOE BL	RESEDA BL
33.9746	-118.3177	59	FLORENCE AV	VAN NESS AV
34.0595	-118.3762	53	LA CIENEGA BL	OLYMPIC BL
34.1112	-118.3358	59	HIGHLAND AV	ODIN ST
34.2503	-118.5024	65	BALBOA BL	LASSEN ST
34.0596	-118.2749	61	ALVARADO ST	6TH ST
34.117	-118.2717	67	LOS FELIZ BL	RIVERSIDE DR
34.2048	-118.4488	64	VAN NUYS BL	VALERIO ST
34.0212	-118.2805	56	FIGUEROA ST	JEFFERSON BL
34.201	-118.571	52	WINNETKA AV	SHERMAN WY
34.1939	-118.4749	63	VANOWEN ST	HASKELL AV
34.2573	-118.5798	70	MASON AV	DEVONSHIRE ST
34.1664	-118.5883	92	VENTURA BL	DE SOTO AV
34.0598	-118.2916	65	VERMONT AV	7TH ST
33.9602	-118.2651	66	MANCHESTER AV	AVALON BL
34.2214	-118.4677	76	ROSCOE BL	SEPULVEDA BL
34.0326	-118.3363	55	ADAMS BL	CRENSHAW BL
34.1594	-118.4487	52	VAN NUYS BL	RIVERSIDE DR
34.1609	-118.5098	91	VENTURA BL	LOUISE AV
34.0835	-118.3386	64	HIGHLAND AV	MELROSE AV
34.2012	-118.5273	92	SHERMAN WY	LINDLEY AV
34.2793	-118.5021	100	BALBOA BL	RINALDI ST
34.0277	-118.2574	52	WASHINGTON BL	SAN PEDRO ST
34.2084	-118.536	81	RESEDA BL	SATICOY ST
34.25	-118.5886	53	LASSEN ST	DE SOTO AV
33.9746	-118.309	116	FLORENCE AV	WESTERN AV
34.0174	-118.3089	56	WESTERN AV	EXPOSITION BL
34.1867	-118.4052	90	VICTORY BL	WHITSETT AV
34.2645	-118.5361	67	RESEDA BL	CHATSWORTH ST
34.0037	-118.2915	56	VERMONT AV	VERNON AV
34.2198	-118.5975	73	ROSCOE BL	CANOGA AV
34.0285	-118.3898	62	VENICE BL	NATIONAL BL
33.994	-118.4526	53	VENICE BL	LINCOLN BL
34.2012	-118.4138	89	SHERMAN WY	COLDWATER CANYON AV
33.9455	-118.3785	75	CENTURY BL	AVIATION BL
34.2083	-118.606	53	TOPANGA CANYON BL	SATICOY ST
34.1867	-118.3703	66	VINELAND AV	VICTORY BL
34.2012	-118.4487	147	SHERMAN WY	VAN NUYS BL
34.1938	-118.5884	88	DE SOTO AV	VANOWEN ST
34.0468	-118.2641	55	9TH ST	FIGUEROA ST
34.1613	-118.4486	53	VAN NUYS BL	ADDISON ST
34.0294	-118.4502	60	BUNDY DR	PICO BL
34.04	-118.2916	74	VERMONT AV	WASHINGTON BL
34.1939	-118.536	58	VANOWEN ST	RESEDA BL
34.1867	-118.4836	71	WOODLEY AV	VICTORY BL
34.0944	-118.3386	57	HIGHLAND AV	FOUNTAIN AV
34.2216	-118.4488	161	ROSCOE BL	VAN NUYS BL
34.1723	-118.5185	61	WHITE OAK AV	BURBANK BL
34.2012	-118.4706	62	SHERMAN WY	ORION AV
33.9747	-118.2871	65	FLORENCE AV	HOOVER ST
34.1937	-118.6234	81	FALLBROOK AV	VANOWEN ST
34.2084	-118.536	58	SATICOY ST	RESEDA BL
34.0689	-118.344	61	3RD ST	LA BREA AV
33.9824	-118.2827	59	GAGE AV	FIGUEROA ST
34.098	-118.3387	79	SUNSET BL	HIGHLAND AV
34.0958	-118.2862	55	SUNSET BL	FOUNTAIN AV
34.18	-118.536	77	RESEDA BL	OXNARD ST
34.0037	-118.2871	62	VERNON AV	HOOVER ST
34.2391	-118.5361	51	RESEDA BL	PRAIRIE ST
34.1937	-118.6234	57	VANOWEN ST	FALLBROOK AV
34.1867	-118.3703	90	VICTORY BL	VINELAND AV
34.2202	-118.571	117	ROSCOE BL	WINNETKA AV
34.2928	-118.4144	64	FOOTHILL BL	ARROYO ST
34.0654	-118.3091	54	WESTERN AV	5TH ST
34.1576	-118.4312	82	RIVERSIDE DR	WOODMAN AV
34.25	-118.5886	61	DE SOTO AV	LASSEN ST
34.1867	-118.4052	61	WHITSETT AV	VICTORY BL
34.1867	-118.4312	82	WOODMAN AV	VICTORY BL
34.1794	-118.4662	81	SEPULVEDA BL	OXNARD ST
34.1726	-118.5622	61	VENTURA BL	CORBIN AV
34.1529	-118.3703	75	VINELAND AV	RIVERSIDE DR
34.1636	-118.522	53	VENTURA BL	ZELZAH AV
34.1062	-118.2563	51	FLETCHER DR	RIVERSIDE DR
34.272	-118.4284	65	SAN FERNANDO RD	PAXTON ST
34.0636	-118.2916	55	6TH ST	VERMONT AV
34.1867	-118.3965	78	VICTORY BL	LAUREL CANYON BL
34.2084	-118.5099	66	SATICOY ST	LOUISE AV
34.2246	-118.5361	59	RESEDA BL	CHASE ST
34.2609	-118.5886	60	DE SOTO AV	DEVONSHIRE ST
33.931	-118.2916	51	IMPERIAL HY	VERMONT AV
34.0472	-118.309	69	WESTERN AV	PICO BL
34.2011	-118.5885	73	SHERMAN WY	DE SOTO AV
34.1685	-118.6058	57	TOPANGA CANYON BL	VENTURA BL
33.9931	-118.3308	60	CRENSHAW BL	54TH ST
34.2284	-118.4851	51	WOODLEY AV	PARTHENIA ST
34.0465	-118.4484	57	SANTA MONICA BL	SAWTELLE BL
34.201	-118.6147	53	SHERMAN WY	SHOUP AV
34.2012	-118.4723	55	SHERMAN WY	FIRMAMENT AV
34.1721	-118.4574	59	BURBANK BL	KESTER AV
34.0762	-118.3441	65	LA BREA AV	BEVERLY BL
34.1857	-118.5709	78	VICTORY BL	WINNETKA AV
34.2012	-118.5186	55	SHERMAN WY	WHITE OAK AV
34.2011	-118.536	75	RESEDA BL	SHERMAN WY
34.0037	-118.3089	58	VERNON AV	WESTERN AV
34.0908	-118.3136	65	SANTA MONICA BL	WILTON PL
34.0572	-118.3457	58	LA BREA AV	OLYMPIC BL
34.1576	-118.4923	78	VENTURA BL	HAYVENHURST AV
34.0039	-118.274	54	VERNON AV	MAIN ST
34.2283	-118.4677	55	PARTHENIA ST	SEPULVEDA BL
34.0471	-118.3762	53	LA CIENEGA BL	AIRDROME ST
34.0526	-118.3	51	OLYMPIC BL	NORMANDIE AV
33.9822	-118.287	59	GAGE AV	HOOVER ST
33.931	-118.2826	91	IMPERIAL HY	FIGUEROA ST
34.2012	-118.405	63	WHITSETT AV	SHERMAN WY
34.058	-118.2759	54	ALVARADO ST	WILSHIRE BL
34.2791	-118.4697	72	RINALDI ST	SEPULVEDA BL
34.2748	-118.5621	51	RINALDI ST	CORBIN AV
34.2083	-118.5754	54	SATICOY ST	OSO AV
34.1576	-118.3965	70	LAUREL CANYON BL	RIVERSIDE DR
34.1884	-118.5884	58	DE SOTO AV	VICTORY BL
34.0281	-118.2194	101	SOTO ST	8TH ST
34.2211	-118.5099	51	ROSCOE BL	LOUISE AV
34.098	-118.3387	79	HIGHLAND AV	SUNSET BL
33.9295	-118.2543	68	IMPERIAL HY	CENTRAL AV
34.2011	-118.5797	71	SHERMAN WY	MASON AV
34.1939	-118.4662	65	SEPULVEDA BL	VANOWEN ST
34.0501	-118.3442	76	LA BREA AV	SAN VICENTE BL
34.1939	-118.4662	108	VANOWEN ST	SEPULVEDA BL
34.1016	-118.3387	81	HIGHLAND AV	HOLLYWOOD BL
33.9905	-118.4478	101	LINCOLN BL	WASHINGTON BL
34.1831	-118.3856	53	LANKERSHIM BL	ERWIN ST
34.1042	-118.3383	72	HIGHLAND	FRANKLIN
34.1413	-118.3877	60	VENTURA BL	COLFAX AV
33.994	-118.4526	56	LINCOLN BL	VENICE BL
34.1775	-118.536	53	RESEDA BL	COLLINS ST
34.0109	-118.3089	51	MARTIN LUTHER KING JR BL	WESTERN AV
34.0399	-118.3177	59	WASHINGTON BL	ARLINGTON AV
34.1903	-118.3877	52	LANKERSHIM BL	KITTRIDGE ST
33.9747	-118.2827	71	FIGUEROA ST	FLORENCE AV
34.1867	-118.4618	51	VICTORY BL	NOBLE AV
34.1017	-118.3093	60	HOLLYWOOD BL	WESTERN AV
34.2282	-118.5885	61	DE SOTO AV	PARTHENIA ST
34.0618	-118.3004	54	NORMANDIE AV	WILSHIRE BL
34.1724	-118.536	54	BURBANK BL	RESEDA BL
34.0477	-118.4443	61	SANTA MONICA BL	SEPULVEDA BL
33.7905	-118.2811	62	PACIFIC COAST HY	FIGUEROA ST
34.25	-118.5361	53	RESEDA BL	LASSEN ST
34.2103	-118.4488	64	VAN NUYS BL	KESWICK ST
34.073	-118.3765	77	LA CIENEGA BL	3RD ST
34.1794	-118.3965	55	LAUREL CANYON BL	OXNARD ST
34.2083	-118.5798	62	SATICOY ST	MASON AV
34.1884	-118.5975	60	CANOGA AV	VICTORY BL
33.9824	-118.2827	58	FIGUEROA ST	GAGE AV
34.0618	-118.3004	52	WILSHIRE BL	NORMANDIE AV
34.0023	-118.3311	59	CRENSHAW BL	VERNON AV
34.0399	-118.2841	61	HOOVER ST	WASHINGTON BL
33.9824	-118.2739	53	MAIN ST	GAGE AV
34.1655	-118.5272	64	VENTURA BL	LINDLEY AV
34.0908	-118.3092	92	WESTERN AV	SANTA MONICA BL
33.9564	-118.309	51	WESTERN AV	89TH ST
34.25	-118.4674	63	SEPULVEDA BL	LASSEN ST
34.1615	-118.5142	53	VENTURA BL	ENCINO AV
34.2095	-118.4306	58	WOODMAN AV	SATICOY ST
33.9746	-118.2918	69	VERMONT AV	FLORENCE AV
34.2573	-118.5798	55	DEVONSHIRE ST	MASON AV
34.1867	-118.4137	64	VICTORY BL	COLDWATER CANYON AV
34.0617	-118.3091	62	WESTERN AV	WILSHIRE BL
34.0182	-118.3351	55	CRENSHAW BL	COLISEUM ST
34.0835	-118.3441	60	LA BREA AV	MELROSE AV
34.1794	-118.4312	54	WOODMAN AV	OXNARD ST
34.2573	-118.5541	58	TAMPA AV	DEVONSHIRE ST
34.2573	-118.5361	97	RESEDA BL	DEVONSHIRE ST
34.1938	-118.5623	59	VANOWEN ST	CORBIN AV
34.2353	-118.4404	72	WOODMAN AV	OSBORNE ST
33.9599	-118.3962	61	SEPULVEDA BL	MANCHESTER AV
34.0534	-118.2409	51	LOS ANGELES ST	TEMPLE ST
34.0981	-118.318	61	SUNSET BL	VAN NESS AV
33.7895	-118.3076	64	PACIFIC COAST HY	WESTERN AV
34.02	-118.2395	57	ALAMEDA ST	WASHINGTON BL
33.96	-118.309	59	WESTERN AV	MANCHESTER AV
34.2357	-118.4938	56	NORDHOFF ST	HAYVENHURST AV
34.1593	-118.5011	56	VENTURA BL	BALBOA BL
34.0373	-118.3774	59	LA CIENEGA BL	DAVID AV
34.2214	-118.4731	56	ROSCOE BL	SAN DIEGO FY
34.194	-118.4312	95	VANOWEN ST	WOODMAN AV
34.1684	-118.3965	53	LAUREL CANYON BL	CHANDLER BL
34.1867	-118.3878	60	LANKERSHIM BL	VICTORY BL
33.9746	-118.309	71	WESTERN AV	FLORENCE AV
34.1939	-118.44	61	VANOWEN ST	HAZELTINE AV
34.098	-118.3267	53	VINE ST	SUNSET BL
34.25	-118.6061	58	TOPANGA CANYON BL	LASSEN ST
34.0839	-118.2224	52	AVENUE 26	FIGUEROA ST
34.0277	-118.2574	62	SAN PEDRO ST	WASHINGTON BL
34.0433	-118.2841	58	HOOVER ST	VENICE BL
34.0762	-118.3386	56	HIGHLAND AV	BEVERLY BL
34.1649	-118.379	57	MAGNOLIA BL	TUJUNGA AV
34.2572	-118.6061	75	TOPANGA CANYON BL	DEVONSHIRE ST
34.2677	-118.4051	59	GLENOAKS BL	OSBORNE ST
34.0382	-118.4412	51	SAWTELLE BL	OLYMPIC BL
34.0267	-118.1985	64	WHITTIER BL	LORENA ST
34.1867	-118.3965	61	LAUREL CANYON BL	VICTORY BL
34.0515	-118.3667	60	FAIRFAX AV	PICO BL
34.1722	-118.3965	58	LAUREL CANYON BL	BURBANK BL
34.172	-118.5882	86	DE SOTO AV	BURBANK BL
34.2214	-118.4837	57	ROSCOE BL	WOODLEY AV
34.0406	-118.2117	56	SOTO ST	4TH ST
34.1866	-118.536	69	RESEDA BL	VICTORY BL
34.0508	-118.2916	70	VERMONT AV	11TH ST
33.9283	-118.2739	61	CENTURY BL	MAIN ST
34.0039	-118.2565	54	VERNON AV	CENTRAL AV
34.0737	-118.3091	75	WESTERN AV	1ST ST
34.2228	-118.5536	69	TAMPA AV	ROSCOE BL
34.2285	-118.5026	73	BALBOA BL	PARTHENIA ST
34.0632	-118.3614	64	WILSHIRE BL	FAIRFAX AV
34.1866	-118.5185	68	VICTORY BL	WHITE OAK AV
34.1867	-118.4137	53	COLDWATER CANYON AV	VICTORY BL
34.2793	-118.5021	54	RINALDI ST	BALBOA BL
34.0835	-118.3135	53	MELROSE AV	WILTON PL
34.2356	-118.4851	86	NORDHOFF ST	WOODLEY AV
34.1829	-118.5975	64	CANOGA AV	ERWIN ST
34.0447	-118.3284	83	CRENSHAW BL	VENICE BL
34.0267	-118.3721	51	LA CIENEGA BL	JEFFERSON BL
34.2197	-118.606	60	ROSCOE BL	TOPANGA CANYON BL
34.1758	-118.4662	75	SEPULVEDA BL	HATTERAS ST
34.1626	-118.6308	51	VENTURA BL	WOODLAKE AV
34.1867	-118.4225	69	VICTORY BL	FULTON AV
33.931	-118.2739	103	IMPERIAL HY	MAIN ST
34.0173	-118.22	51	WASHINGTON BL	SOTO ST
34.1577	-118.3703	54	LANKERSHIM BL	CAMARILLO ST
34.2968	-118.4422	65	HUBBARD ST	GLENOAKS BL
34.0146	-118.3351	52	CRENSHAW BL	39TH ST
34.2428	-118.5579	53	PLUMMER ST	SHIRLEY AV
34.2797	-118.418	57	GLENOAKS BL	PAXTON ST
34.0112	-118.2827	56	MARTIN LUTHER KING JR BL	FIGUEROA ST
34.1866	-118.5622	53	VICTORY BL	CORBIN AV
34.1938	-118.6059	51	VANOWEN ST	TOPANGA CANYON BL
34.1149	-118.2458	59	SAN FERNANDO RD	FLETCHER DR
